site,wildtype,AAA,AAC,AAG,AAT,ACA,ACC,ACG,ACT,AGA,AGC,AGG,AGT,ATA,ATC,ATG,ATT,CAA,CAC,CAG,CAT,CCA,CCC,CCG,CCT,CGA,CGC,CGG,CGT,CTA,CTC,CTG,CTT,GAA,GAC,GAG,GAT,GCA,GCC,GCG,GCT,GGA,GGC,GGG,GGT,GTA,GTC,GTG,GTT,TAA,TAC,TAG,TAT,TCA,TCC,TCG,TCT,TGA,TGC,TGG,TGT,TTA,TTC,TTG,TTT
68,TTC,0,0,0,0,0,0,0,0,0,0,0,0,0,0,0,0,0,0,0,0,0,0,0,0,0,0,0,0,0,0,0,0,0,0,0,0,0,0,0,0,0,0,0,0,0,0,0,0,0,0,0,0,0,0,0,0,0,0,0,0,0,0,0,0
69,CCT,0,0,0,0,0,0,0,22,0,0,0,0,0,0,0,0,0,0,0,24,7,33,2,168278,0,0,0,0,0,0,0,31,0,0,0,0,0,0,0,0,0,0,0,0,0,0,0,0,0,0,0,0,0,0,0,50,0,0,0,0,0,0,0,0
70,CAG,0,0,17,0,0,0,0,0,0,0,0,0,0,0,0,0,766,0,167396,37,0,0,2,0,0,0,61,0,0,0,0,0,0,0,0,0,0,0,0,0,0,0,0,0,0,0,0,0,0,0,18,0,0,0,0,0,0,0,0,0,0,0,0,0
71,ATC,0,21,0,0,0,41,0,0,0,1,0,0,55,168094,0,192,0,0,0,0,0,0,0,0,0,0,0,0,0,0,0,0,0,0,0,0,0,0,0,0,0,0,0,0,0,2,0,0,0,0,0,0,0,0,0,0,0,0,0,0,0,4,0,0
72,ACT,5,0,0,19,6,19,0,168449,0,0,0,0,0,0,0,48,0,0,0,0,0,0,0,0,0,0,0,0,0,0,0,0,0,0,0,0,0,0,0,22,0,0,0,0,0,0,0,0,0,0,0,0,0,0,0,4,0,0,0,0,0,0,0,0
73,CTT,0,0,0,0,0,0,0,0,0,0,0,0,0,0,0,38,6,0,0,38,0,0,0,35,0,0,0,7,42,20,9,168382,0,0,0,0,0,0,0,0,0,0,0,0,0,0,0,0,0,0,0,0,0,0,0,0,0,0,0,0,0,0,0,37
74,TGG,0,0,0,0,0,0,0,0,0,0,8,0,0,0,0,0,0,0,0,0,0,0,0,0,0,0,17,0,0,0,0,0,0,0,0,0,0,0,0,0,0,0,0,0,0,0,0,0,0,0,244,0,0,0,0,0,202,0,167733,11,1,0,27,0
75,CAA,9,0,0,0,0,0,0,0,0,0,0,0,0,0,0,0,167805,0,31,6,0,0,0,0,27,0,0,0,2,0,0,0,1,0,0,0,0,0,0,0,0,0,0,0,0,0,0,0,145,0,0,0,0,0,0,0,0,0,0,0,0,0,0,0
76,CGA,0,0,0,0,0,0,0,0,24,0,0,0,0,0,0,0,325,0,0,0,0,0,0,0,167723,0,13,0,15,0,0,0,0,0,0,0,0,0,0,0,2,0,0,0,0,0,0,0,0,0,0,0,0,0,0,0,159,0,0,0,0,0,0,0
77,CCC,0,0,0,0,0,29,0,0,0,0,0,0,0,0,0,0,0,16,0,0,22,168335,0,13,0,0,0,0,0,66,0,2,0,0,0,0,0,0,0,0,0,0,0,0,0,0,0,0,0,0,0,0,0,20,0,0,0,0,0,0,0,0,0,0
78,CTC,0,0,0,0,0,0,0,0,0,0,0,0,0,36,0,0,0,0,0,0,0,6,0,0,0,0,0,0,30,168217,5,50,0,0,0,0,0,0,0,0,0,0,0,0,0,0,0,0,0,0,0,0,0,0,0,0,0,0,0,0,0,53,0,0
79,GTC,0,0,0,0,0,7,0,0,0,0,0,0,0,84,0,0,0,0,0,0,0,0,0,0,0,0,0,0,0,0,0,0,0,1,0,0,0,27,0,0,0,2,0,0,55,168231,0,38,0,0,0,0,0,0,0,0,0,0,0,0,0,11,0,0
80,ACA,31,0,0,0,168265,3,41,2,5,0,0,0,57,0,0,0,0,0,0,0,0,0,0,0,0,0,0,0,0,0,0,0,0,0,0,0,25,0,0,0,0,0,0,0,0,0,0,0,0,0,0,0,1,0,0,0,0,0,0,0,0,0,0,0
81,ATA,5,0,0,0,14,0,0,0,0,0,0,0,168399,0,39,0,0,0,0,0,0,0,0,0,0,0,0,0,0,0,0,0,0,0,0,0,0,0,0,0,0,0,0,0,2,0,0,0,0,0,0,0,0,0,0,0,0,0,0,0,0,0,0,0
82,AAG,272,0,167778,49,0,0,1,0,0,0,28,0,0,0,4,0,0,0,3,0,0,0,0,0,0,0,0,0,0,0,0,0,0,0,19,0,0,0,0,0,0,0,0,0,0,0,0,0,0,0,5,0,0,0,0,0,0,0,0,0,0,0,0,0
83,ATA,19,0,0,0,4,0,0,0,1,0,0,0,168095,3,42,12,0,0,0,0,0,0,0,0,0,0,0,0,0,0,0,0,0,0,0,0,0,0,0,0,0,0,0,0,18,0,0,0,0,0,0,0,0,0,0,0,0,0,0,0,0,0,0,0
84,GGG,1,0,2,0,0,0,0,0,1,0,119,0,0,0,0,0,0,0,0,0,0,0,0,0,0,0,0,0,0,0,0,0,6,0,73,0,0,0,1,0,65,1,167769,12,0,0,24,0,0,0,0,0,0,0,0,0,0,0,46,0,0,0,0,0
85,GGG,0,0,0,0,0,0,0,0,6,0,102,0,0,0,0,0,0,0,0,0,0,0,0,0,0,0,0,0,0,0,0,0,2,0,94,0,0,0,2,0,163,8,167822,13,0,0,20,0,0,0,0,0,0,0,0,0,0,0,10,0,0,0,0,0
86,CAA,22,8,0,0,0,0,0,0,1,0,0,0,0,0,0,0,167999,0,13,0,0,0,0,0,58,0,0,0,2,0,0,0,0,0,0,0,1,0,0,0,0,0,0,0,0,0,0,0,105,0,0,0,0,0,0,0,0,0,0,0,0,0,0,0
87,CTA,0,0,0,0,0,0,0,1,0,0,0,0,14,0,0,0,1,0,0,0,27,0,0,0,0,0,0,0,168416,1,8,0,0,0,0,0,0,0,0,0,0,0,0,0,0,0,0,0,3,0,0,0,0,0,0,0,0,0,0,0,20,0,0,0
88,AAG,1916,0,166240,28,0,0,2,0,1,0,67,0,1,0,4,0,0,0,1,0,0,0,0,0,0,0,0,0,0,0,0,0,0,0,3,0,0,0,0,0,0,0,0,0,0,0,0,0,0,0,1,0,0,0,0,0,0,0,0,0,0,0,0,0
89,GAA,2448,0,8,0,0,0,0,0,0,0,0,0,0,0,0,0,0,0,0,0,0,0,0,0,0,0,0,0,0,0,0,0,165792,1,37,6,0,0,0,0,7,0,0,0,0,0,0,0,11,0,0,0,0,0,0,0,0,0,0,0,0,0,0,0
90,GCT,0,0,0,0,0,0,0,467,0,2,0,0,0,0,0,0,0,0,0,0,0,0,0,0,0,0,0,0,0,4,0,0,0,0,0,10,6,9,5,167872,0,0,0,2,0,0,0,31,0,0,0,0,0,0,0,12,0,0,0,0,0,0,0,0
91,CTA,0,0,0,0,0,0,0,0,0,0,0,0,42,0,0,0,20,0,0,0,25,0,0,0,5,0,0,0,168301,0,11,0,0,0,0,0,0,0,0,0,0,0,0,0,0,0,0,0,0,0,0,4,0,0,0,2,0,0,0,0,13,0,0,0
92,TTA,0,0,0,0,0,0,0,0,0,0,0,0,13,0,0,2,0,0,0,0,0,0,0,0,0,0,0,0,5,0,0,0,0,0,0,0,0,0,0,0,0,0,0,0,0,0,0,0,19,0,1,0,7,0,0,0,0,0,0,0,168392,1,43,3
93,GAT,0,0,0,1940,0,0,0,0,1,0,0,0,7,0,0,0,0,0,0,3,0,0,0,0,0,0,0,0,0,0,0,0,9,16,0,166242,0,0,0,0,0,0,0,8,1,0,0,0,0,0,0,29,0,0,0,0,0,0,0,0,0,0,0,0
94,ACA,13,0,0,0,167857,6,79,13,3,0,0,0,123,0,0,0,4,0,9,0,4,0,0,0,0,0,0,0,0,0,0,0,0,0,0,0,22,0,0,0,0,0,0,0,0,0,0,0,0,2,0,0,0,0,0,0,0,0,0,0,0,0,0,0
95,GGA,15,0,0,0,0,0,0,0,641,0,2,0,0,0,0,0,0,0,0,0,0,0,0,0,0,0,0,0,0,0,0,0,527,0,10,0,1,0,0,0,166913,0,9,5,29,0,0,0,0,0,0,0,0,0,0,0,21,0,0,0,0,0,0,0
96,GCA,0,0,0,0,229,0,0,0,0,1,0,0,0,0,0,0,0,0,8,0,0,0,0,0,0,0,0,0,0,0,0,0,20,0,0,0,167815,4,70,9,0,0,0,0,59,0,0,0,0,0,0,0,4,0,0,0,0,0,0,0,0,0,0,0
97,GAT,0,0,0,736,0,0,0,0,2,0,0,0,0,0,10,0,0,0,0,1,0,0,0,0,0,0,0,0,0,0,0,0,37,28,0,167356,0,0,0,1,0,0,0,24,0,0,0,3,0,0,0,35,0,0,0,0,0,0,0,0,0,0,0,0
98,GAT,8,0,0,3348,0,0,0,0,0,0,0,0,9,0,0,1,0,0,0,3,0,0,0,0,0,0,0,0,0,0,0,0,7,16,0,164511,0,0,0,0,0,0,0,3,0,0,0,5,0,0,0,43,0,0,0,0,2,0,0,0,0,0,0,0
99,ACA,61,0,1,0,167689,12,72,6,3,0,0,0,180,0,0,0,0,0,8,0,1,0,0,0,0,0,0,0,0,0,0,0,0,0,0,0,17,0,0,0,0,0,0,0,0,0,0,0,0,1,0,0,0,0,0,0,0,0,0,0,0,0,0,0
100,GTA,0,0,0,4,0,0,0,0,0,0,0,5,246,0,0,0,0,0,0,0,0,0,0,0,0,0,0,0,3,0,0,0,7,0,0,0,16,0,0,0,0,0,0,0,168084,0,4,0,0,0,0,10,0,0,0,0,0,0,0,0,16,0,0,0
101,TTA,0,0,0,0,0,0,0,0,0,0,0,0,28,0,0,5,0,0,0,0,0,0,0,0,0,0,0,0,14,0,0,0,0,0,0,0,0,0,0,0,0,0,0,0,0,0,0,0,12,0,11,0,11,0,0,0,0,0,0,0,168266,2,29,3
102,GAA,4319,0,19,0,0,0,0,0,5,0,0,0,0,0,0,0,3,0,0,0,0,0,0,0,0,0,0,0,0,0,0,0,163780,0,11,1,1,0,0,0,13,0,0,0,0,0,0,0,26,0,0,0,0,0,0,0,0,0,0,0,0,0,0,0
103,GAA,2428,0,0,0,0,0,0,0,5,0,0,0,0,0,0,0,0,0,0,0,0,0,0,0,0,0,0,0,0,0,0,0,165886,0,2,1,1,0,0,0,6,0,0,0,0,0,0,0,32,0,0,0,0,0,0,0,1,0,0,0,0,0,0,0
104,ATG,0,1,9,21,0,0,18,0,0,0,3,0,956,0,167016,87,0,0,0,0,0,0,0,0,0,0,0,0,0,0,0,0,0,0,0,0,0,0,0,0,0,0,0,0,0,0,1,1,10,0,0,0,0,0,0,0,47,0,0,0,8,0,8,0
105,AGT,0,0,6,188,0,0,0,0,10,6,0,168059,0,0,0,3,0,0,0,0,0,0,0,0,0,0,0,4,0,0,0,0,0,0,15,0,0,0,0,0,0,0,0,42,0,0,0,56,0,0,0,0,0,0,0,0,0,0,0,4,0,0,0,0
106,TTG,0,0,0,0,0,0,0,0,0,0,0,0,0,0,6,0,0,0,0,0,0,0,0,0,0,0,0,0,0,0,0,0,0,0,0,0,0,0,0,0,0,0,0,0,0,0,0,0,0,0,30,0,0,0,3,0,0,51,0,1,185,1,168013,33
107,CCA,0,0,0,0,14,0,0,0,0,0,0,0,3,0,0,0,50,0,51,0,167223,5,81,6,0,0,1,0,51,0,0,0,1,0,0,0,8,21,0,0,0,0,0,0,0,0,0,0,0,0,0,0,131,0,0,0,0,0,0,0,0,0,0,0
108,GGA,66,0,0,0,0,0,1,0,565,0,16,0,0,0,0,0,0,0,0,0,0,0,0,0,0,0,0,0,0,0,0,0,3975,0,0,1,0,0,0,0,163542,0,19,1,30,0,0,0,1,0,0,0,0,0,0,0,29,0,0,0,0,0,0,0
109,AGA,1383,0,11,9,3,0,0,0,166764,0,27,0,20,0,0,0,0,0,0,0,0,0,0,0,1,0,0,0,0,0,0,0,0,0,0,54,0,0,0,0,15,0,0,0,0,0,0,0,0,0,0,0,0,0,0,0,7,0,0,0,0,0,0,0
110,TGG,5,1,0,0,0,0,0,0,0,0,27,0,4,0,18,0,0,0,0,0,0,0,0,0,4,0,43,0,0,0,0,0,6,0,0,0,0,0,0,0,51,0,0,0,0,0,0,0,510,0,2298,3,0,0,0,0,2317,0,162735,52,1,0,45,0
111,AAA,168248,67,10,1,0,0,0,0,7,0,0,0,5,0,0,0,2,0,0,0,0,0,0,0,0,0,0,0,0,0,0,0,40,0,0,0,0,0,0,0,0,0,0,0,0,0,0,0,2,0,0,0,0,0,0,0,0,0,0,0,0,0,0,0
112,CCA,0,0,0,0,11,23,0,0,0,0,0,0,0,0,0,0,130,0,0,0,168088,20,15,0,0,0,0,0,14,0,0,0,0,0,0,0,1,0,0,0,0,0,0,0,0,0,0,0,0,0,0,0,27,0,0,0,0,0,0,0,0,0,0,0
113,AAA,168558,0,7,3,5,0,0,0,13,0,0,0,3,0,0,0,1,0,0,0,0,0,0,0,0,0,0,0,0,0,0,0,26,0,0,0,0,0,0,0,0,0,0,0,0,0,0,0,0,0,0,0,0,0,0,0,1,0,0,0,0,0,0,0
114,ATG,1,0,32,49,0,0,4,0,0,0,2,0,1587,0,165659,54,0,0,0,0,0,0,0,0,0,0,0,0,0,0,0,0,0,0,0,0,0,0,0,0,0,0,0,0,0,0,4,0,17,0,0,0,0,0,0,0,518,0,0,0,17,0,239,0
115,ATA,22,0,2,10,6,0,0,0,0,0,0,0,166895,1,51,1,0,0,0,0,0,0,0,0,0,0,0,0,0,0,0,0,0,0,0,35,0,0,0,0,0,0,1,0,31,0,0,0,2,0,544,0,0,0,0,0,0,0,0,0,9,0,0,0
116,GGG,38,0,63,0,0,0,0,0,30,0,371,0,0,0,2,0,0,0,0,0,0,0,0,0,0,0,0,0,0,0,0,0,38,0,473,0,0,0,1,0,321,0,166681,18,0,0,30,0,0,0,0,0,0,0,0,0,0,0,37,0,0,0,0,0
117,GGA,65,0,0,0,0,0,0,0,1865,0,1,0,0,0,0,0,0,0,0,0,0,0,0,0,0,0,0,0,0,0,0,0,1413,0,3,0,0,0,0,0,163420,0,275,2,50,0,0,0,0,0,0,0,0,0,0,0,23,0,0,0,0,0,1,0
118,ATT,0,0,0,229,0,0,0,2,0,0,0,1,5,61,2,167035,0,0,0,0,0,0,0,0,0,0,0,0,0,0,0,0,0,0,1,0,0,0,0,0,0,0,0,0,0,0,0,7,0,0,0,0,0,0,0,0,0,0,0,0,14,0,565,1
119,GGA,111,0,12,0,0,0,0,0,615,0,0,0,1,0,0,0,0,0,0,0,0,0,0,0,0,0,0,0,0,0,0,0,291,0,573,0,2,0,0,0,165623,7,56,14,12,0,0,1,0,0,1,0,0,0,0,0,13,0,227,0,0,0,0,0
120,GGT,0,0,3,2,0,0,0,0,0,0,222,365,0,0,0,1,0,0,0,0,0,0,0,0,0,0,0,0,0,0,0,0,0,0,0,111,0,0,0,1,10,11,0,166492,0,0,0,597,0,0,0,0,0,0,0,0,0,0,0,24,1,0,0,0
121,TTT,0,0,0,0,0,0,0,0,0,0,0,0,0,0,0,12,0,0,0,0,0,0,0,0,0,0,0,0,0,0,0,8,0,0,0,0,0,0,0,0,0,0,0,0,0,0,0,5,0,0,0,11,0,0,0,31,0,0,0,6,616,45,0,167250
122,ATC,0,5,0,0,0,23,0,0,0,0,0,0,63,166320,0,66,0,0,0,0,0,0,0,0,0,0,0,0,0,0,0,0,0,0,0,0,0,0,0,0,0,0,0,0,0,16,0,0,0,0,0,224,609,0,1,0,0,0,0,0,0,33,0,0
123,AAA,167382,8,33,9,1,0,0,0,19,0,0,0,5,0,0,0,238,0,0,0,0,0,0,0,0,0,0,0,0,0,0,0,68,0,0,0,0,0,0,0,0,0,0,0,0,0,0,0,1,0,0,0,0,0,0,0,0,0,0,0,0,0,0,0
124,GTA,0,0,0,0,0,0,0,0,0,0,0,1,917,0,1,0,0,0,0,0,0,0,0,0,0,0,0,0,5,0,0,0,9,0,0,0,20,0,0,0,0,0,0,0,166294,0,26,1,0,0,0,0,0,0,0,0,0,0,0,0,12,0,0,0
125,AGA,464,0,33,0,1,0,0,0,167601,2,38,2,48,0,0,2,0,0,0,0,0,0,0,0,6,0,0,0,0,0,0,0,0,17,0,0,0,0,0,0,43,0,0,0,2,0,0,0,2,0,0,3,0,0,0,0,4,0,0,0,0,0,0,0
126,CAG,0,0,27,2,33,0,0,0,2,0,0,15,0,0,0,0,269,1,167406,13,0,0,4,0,0,0,39,0,0,0,3,0,0,2,1,1,0,0,0,0,0,0,0,0,0,0,0,0,0,0,28,0,0,0,0,0,0,0,0,0,0,0,0,0
127,TAT,0,0,0,1,2,0,0,0,0,0,0,4,0,0,15,0,0,0,3,41,0,0,0,0,0,0,0,0,0,0,0,0,0,0,2,3,0,0,0,0,0,0,0,0,34,0,0,0,12,19,0,167791,0,0,0,0,0,0,0,25,0,0,0,0
128,GAT,2,0,2,4072,0,0,0,0,0,0,0,0,1,14,1,0,0,0,0,6,0,0,0,0,0,0,0,0,0,0,0,0,15,8,0,163510,0,0,0,1,0,0,0,9,2,0,0,0,3,0,0,66,0,0,0,0,30,0,0,0,0,0,0,2
129,CAG,1,0,49,0,2,7,0,0,7,0,0,0,0,2,0,0,1169,0,166398,44,0,0,13,0,0,0,87,0,0,1,5,0,0,0,0,2,0,2,0,0,0,0,0,0,0,0,0,0,0,0,59,0,33,0,0,0,2,0,0,0,0,0,0,0
130,ATA,21,0,0,0,10,0,0,0,2,0,2,0,168043,0,16,2,0,0,2,0,0,0,0,0,0,0,0,0,0,0,0,0,0,0,0,33,0,0,0,0,0,0,0,0,13,0,0,0,0,7,0,0,2,0,0,0,0,0,0,0,0,0,0,0
131,CTC,0,0,2,0,0,0,0,31,0,0,0,0,2,26,0,0,0,13,0,0,0,30,0,0,0,1,0,0,58,162915,0,18,1,0,0,2,0,0,0,0,0,0,0,0,0,0,0,0,0,2,0,0,7,0,0,0,2,0,0,0,0,61,0,0
132,ATA,5,0,0,0,29,0,0,2,0,0,0,0,167892,2,54,2,0,0,0,32,0,0,0,0,0,0,0,0,0,2,0,0,0,0,0,0,0,0,0,0,0,0,0,0,35,0,0,0,0,0,7,0,4,0,0,0,0,0,0,0,2,0,0,0
133,GAA,3890,0,0,0,0,0,0,0,22,0,0,0,2,0,0,0,4,0,0,0,0,0,0,0,0,0,0,0,0,0,0,0,164416,0,6,3,0,0,0,0,10,0,0,0,1,0,0,0,29,0,2,0,0,0,0,0,0,0,0,1,0,0,0,0
134,ATC,7,6,0,19,0,15,0,0,0,1,0,3,58,167140,0,41,0,0,0,0,2,0,0,0,0,0,0,0,0,1,0,0,2,0,0,0,0,0,0,0,1,0,0,0,0,2,0,0,0,0,0,0,0,0,0,7,0,0,0,0,0,12,0,0
135,TGT,2,0,0,0,0,0,0,0,0,0,0,27,0,2,0,0,0,0,0,1,0,0,0,0,0,0,0,93,0,0,19,0,0,0,0,0,0,0,0,0,0,0,0,2,0,0,7,0,0,0,0,106,0,0,0,1,2,9,0,167545,0,0,0,4
136,GGA,51,0,0,2,0,0,0,0,1365,0,0,0,0,0,0,0,0,0,0,0,0,0,0,0,0,0,0,0,0,0,0,0,185,6,0,0,0,0,0,0,165285,0,29,1,33,0,1,0,0,0,0,0,0,0,0,0,35,0,15,2,0,0,0,0
137,CAT,0,0,0,11,14,0,0,0,0,0,0,0,7,0,0,0,0,32,3,167659,0,0,0,1,0,0,0,10,0,0,0,5,0,1,0,2,0,0,0,1,2,0,0,0,0,0,0,0,0,0,0,32,0,0,0,0,0,0,0,0,0,0,0,0
138,AAA,168072,11,41,19,3,0,0,0,22,0,2,0,5,4,0,0,0,0,0,2,0,0,0,0,0,0,0,0,0,0,0,0,54,0,0,0,0,0,0,0,0,0,0,0,0,0,0,0,17,0,0,0,0,0,0,0,0,0,0,0,0,0,0,0
139,GCT,2,0,1,0,0,0,0,472,0,15,0,0,0,0,0,0,0,0,0,0,0,0,0,0,0,0,0,0,3,0,0,0,0,0,0,23,0,23,0,166836,0,0,2,0,0,0,0,19,0,0,0,0,0,0,0,15,0,0,0,0,0,0,0,0
140,ATA,7,0,0,2,6,0,0,0,0,0,0,0,168032,0,53,4,0,0,0,0,0,0,0,0,0,0,0,0,1,0,0,0,0,0,0,0,0,0,0,2,0,0,0,0,6,0,0,0,0,0,2,15,0,0,0,0,0,0,0,0,1,0,0,0
141,GGT,0,0,0,26,0,0,0,0,0,0,15,508,2,0,0,0,0,0,0,0,0,0,0,0,0,0,0,0,0,0,0,0,0,0,0,367,0,0,0,0,0,21,0,167052,3,0,0,3,0,0,1,1,0,0,0,0,0,0,2,29,0,0,0,0
142,ACA,9,0,0,0,167733,14,81,3,0,0,2,0,66,0,0,0,0,0,3,0,0,0,0,0,0,0,0,0,0,0,0,0,0,0,0,0,7,0,0,0,0,0,0,2,0,0,0,0,0,14,0,0,1,0,0,0,0,0,0,0,0,0,0,0
143,GTA,0,0,0,0,2,0,0,0,3,0,0,12,189,0,0,0,0,0,1,0,0,0,0,0,0,0,0,0,0,0,0,0,2,0,0,0,37,0,0,0,0,0,0,0,168051,0,4,3,0,0,0,3,0,0,0,0,0,0,0,0,9,0,0,2
144,TTA,0,0,0,0,0,0,0,0,0,0,0,0,4,0,0,10,0,0,0,0,0,0,0,0,0,0,0,0,5,0,0,0,0,0,0,0,0,0,0,0,0,0,0,0,4,0,0,0,0,0,3,2,6,0,0,0,4,0,0,0,167789,2,42,1
145,GTA,0,0,0,0,0,0,0,0,0,0,0,10,539,0,0,0,2,0,0,0,0,0,0,0,0,0,0,0,1,0,0,0,0,0,0,0,4,0,0,0,0,0,0,0,167550,0,36,1,0,0,4,0,0,0,0,0,0,0,0,0,13,0,0,0
146,GGA,189,0,0,0,0,0,0,0,2812,0,10,2,0,0,0,0,0,0,0,0,0,0,0,0,2,0,0,0,0,0,0,0,797,3,0,0,0,0,0,0,164115,0,20,0,13,0,0,0,0,0,1,0,0,0,0,0,32,0,0,0,0,0,0,0
147,CCT,0,0,2,0,0,9,0,13,0,0,0,0,0,0,0,0,0,0,0,47,14,55,1,167666,0,0,0,1,3,0,0,34,0,1,0,0,0,0,0,1,0,0,0,0,0,0,0,0,0,0,0,0,0,0,0,15,0,0,0,0,0,0,0,0
148,ACA,13,0,0,0,168175,7,40,1,0,0,0,0,77,0,0,0,0,3,0,0,0,0,0,0,0,0,0,0,1,0,0,0,0,0,0,0,8,0,0,0,0,0,0,0,0,0,0,0,0,9,0,0,0,0,0,0,0,0,0,0,0,0,0,0
149,CCT,0,0,0,0,0,8,0,17,0,0,0,0,0,0,0,0,0,1,0,36,14,92,8,167572,0,0,0,0,0,0,3,26,0,0,0,0,0,0,0,6,0,0,0,0,2,0,0,0,0,0,0,0,0,0,0,49,0,0,0,0,0,0,0,0
150,GTC,0,0,0,0,0,0,0,0,0,0,0,0,0,262,0,0,0,0,0,0,0,0,0,0,0,0,0,0,0,2,1,0,0,7,0,0,0,22,0,0,0,2,0,0,72,167364,0,60,0,0,0,0,3,0,0,0,2,0,0,9,0,4,0,0
151,AAC,16,168243,0,75,0,0,0,0,0,4,0,0,0,0,0,0,8,0,0,0,0,0,0,0,0,0,0,0,0,0,0,0,0,22,0,1,0,0,0,0,0,0,0,0,0,0,0,0,0,0,0,0,3,0,0,0,0,0,0,0,0,0,0,0
152,ATA,32,0,0,0,15,0,0,0,0,0,0,0,168363,0,42,0,3,0,4,1,0,0,0,0,0,0,0,0,0,0,0,0,0,0,0,2,0,0,0,0,0,0,0,0,33,0,0,0,0,0,0,0,0,0,0,0,0,0,0,0,0,0,0,0
153,ATT,7,0,0,16,0,0,0,17,0,0,0,0,4,14,0,167704,0,0,0,0,0,0,0,0,0,0,0,0,0,0,0,0,0,0,0,0,0,0,0,0,0,0,0,0,0,0,0,7,0,0,0,1,0,0,0,0,0,0,0,0,0,0,0,5
154,GGA,575,0,0,0,0,0,0,0,1903,0,0,0,0,0,0,0,0,0,0,2,0,0,0,0,0,0,0,0,0,0,0,0,2211,0,1,0,0,0,0,0,163299,1,36,5,29,0,0,0,1,0,0,0,0,0,0,0,39,0,0,0,0,0,0,0
155,AGA,2060,0,1,0,0,0,0,0,166325,0,10,0,53,0,0,0,0,0,0,0,0,0,0,0,0,0,0,0,0,0,0,0,0,0,0,0,0,0,0,0,17,0,0,0,0,0,0,0,0,0,0,0,0,0,0,0,6,0,0,0,0,0,0,0
156,AAT,17,8,4,168218,0,0,0,1,0,0,0,5,0,1,0,29,0,0,0,0,0,0,0,0,0,0,0,0,0,0,0,0,0,0,0,14,0,0,0,0,0,0,0,0,0,0,0,0,0,0,0,0,0,0,0,0,0,0,0,0,0,0,0,0
157,CTG,0,0,0,0,0,0,0,0,0,0,0,0,0,0,64,0,0,0,8,0,0,0,49,0,0,0,5,0,272,1,167854,4,0,0,0,0,0,0,0,0,0,0,0,0,0,0,0,0,0,0,0,0,0,0,0,1,0,0,0,1,0,0,30,0
158,TTG,0,0,0,0,0,0,0,0,0,0,0,0,0,0,7,0,0,0,0,0,0,0,0,0,0,0,0,0,2,0,12,0,0,0,0,0,0,0,0,0,0,0,0,0,0,0,2,1,1,0,1,0,0,0,12,0,0,0,0,0,1530,1,166504,101
159,ACT,0,0,0,12,6,39,1,168147,0,0,0,2,0,0,0,36,0,0,0,0,0,0,0,0,0,0,0,0,0,1,0,0,0,1,0,0,0,0,0,22,0,0,0,0,0,0,0,0,0,0,0,0,0,0,0,2,0,0,0,0,0,0,0,0
160,CAG,0,0,74,0,0,0,0,0,1,0,0,0,0,0,0,0,213,4,167652,60,0,0,7,0,0,0,121,0,0,0,6,0,0,0,1,0,0,0,0,0,0,0,0,0,0,0,0,0,0,0,22,0,0,0,0,0,0,0,0,0,0,0,0,0
161,ATT,1,0,0,46,0,0,0,5,0,0,0,4,6,7,0,168334,0,0,0,0,0,0,0,0,0,0,0,0,0,0,0,0,0,0,0,1,0,0,0,0,0,0,0,0,0,0,0,17,0,0,0,0,0,0,0,0,0,0,0,0,0,0,1,3
162,GGT,0,0,0,17,0,0,0,0,1,0,0,653,0,0,0,0,0,0,0,0,0,0,0,0,0,0,0,3,0,0,0,0,0,0,0,140,0,0,0,0,14,35,2,167259,0,0,0,15,0,0,0,0,0,0,0,0,0,0,1,27,0,0,0,0
163,TGC,0,0,0,0,0,0,0,0,0,3,0,0,0,0,0,0,0,0,0,0,0,0,0,0,0,49,0,0,0,0,0,0,0,0,0,0,1,0,0,0,0,4,0,0,0,0,0,0,0,255,0,0,0,0,0,0,9,167485,1,163,0,10,1,0
164,ACT,0,0,0,6,12,11,6,168136,0,0,0,0,0,0,0,37,0,0,0,0,0,0,0,1,0,0,0,0,0,0,0,1,0,0,0,0,0,0,0,23,0,0,0,0,0,0,0,0,0,0,0,0,0,0,0,0,0,0,0,0,0,0,0,0
165,TTA,0,0,0,0,0,0,0,0,0,0,0,0,8,0,0,0,0,0,0,0,0,0,0,0,0,0,0,0,36,0,0,0,0,0,0,0,0,0,0,0,0,0,0,0,2,0,0,0,6,0,0,0,45,0,0,0,0,0,0,0,167650,0,17,7
166,AAT,31,7,0,167091,0,0,0,0,0,0,0,4,0,0,0,43,0,0,0,1,0,0,0,0,0,0,0,0,0,0,0,0,0,0,0,8,0,0,0,0,0,0,0,0,0,0,0,0,0,0,0,2,0,0,0,0,0,0,0,0,0,0,0,0
167,TTT,0,0,0,0,0,0,0,0,0,0,0,0,0,0,0,10,0,0,0,0,0,0,0,0,0,0,0,0,0,0,0,19,0,0,0,0,0,0,0,0,0,0,0,0,0,0,0,0,0,0,0,14,0,0,0,4,5,0,0,0,0,19,0,167768
168,CCC,0,0,0,0,0,44,0,0,0,0,0,0,0,0,0,0,0,17,0,0,69,167715,0,52,0,0,0,0,0,26,0,0,0,0,0,0,0,2,0,0,0,0,0,0,0,0,0,0,0,0,0,0,0,59,0,1,0,0,0,0,0,0,0,0
